generation,engine,start_of_production,body_type,acceleration_0-62mph,maximum_speed,power_per_litre,engine_displacement,cylinder_bore,piston_stroke,kerb_weight,fuel_tank_capacity,length,width,height,wheelbase,drive_wheel,compression_ratio,engine_oil_capacity,front_track,rear_track,drag_coefficient,WeighttoPower_kgperhp,WeighttoPower_hppertonne,weighttotorque_kgpernm,weighttotorque_nmpertonne,Power_HP,Power_RPM,torque_NM,torque_RPM
911 Dakar (992),3.0 (480 Hp) AWD PDK,2022,"Off-road vehicle, Coupe ",3.4,240,161,2981,91,76.4,1605,67,4530,1864,1338,2450,All wheel drive (4x4),,,,,,3.3,299.1,2.8,355.1,480,6500,570,3650
911 Targa (992),4S 3.0 (450 Hp) PDK,2020,Targa,3.8,304,151,2981,91,76.4,1675,67,4519,1852,1299,2450,All wheel drive (4x4),10.2,8.3,1589,1557,0.3,3.7,268.7,3.2,316.4,450,6500,530,3650
911 Targa (992),4S 3.0 (450 Hp),2020,Targa,4.4,304,151,2981,91,76.4,1640,67,4519,1852,1301,2450,All wheel drive (4x4),10.2,8.3,1589,1557,0.3,3.6,274.4,3.1,323.2,450,6500,530,3650
911 Targa (992),4 GTS 3.0 (480 Hp) PDK,2021,Targa,3.5,307,161,2981,91,76.4,1685,67,4533,1852,1299,2450,All wheel drive (4x4),,8.3,,,0.32,3.5,284.9,3,338.3,480,6500,570,3650
911 Targa (992),4 GTS 3.0 (480 Hp),2021,Targa,4.3,307,161,2981,91,76.4,1650,67,4533,1852,1301,2450,All wheel drive (4x4),,8.3,,,0.32,3.4,290.9,2.9,345.5,480,6500,570,3650
911 Targa (992),4 3.0 (385 Hp) PDK,2020,Targa,4.4,289,129.2,2981,91,76.4,1665,67,4519,1852,1297,2450,All wheel drive (4x4),10.2,8.3,1591,1557,0.29,4.3,231.2,3.7,270.3,385,6500,450,3475
911 Speedster (991 II),4.0 (510 Hp),2019,Roadster,4,310,127.6,3996,102,81.5,1465,64,4562,1852,1250,2457,Rear wheel drive,,,1551,1555,0.35,2.9,348.1,3.1,320.8,510,8400,470,6250
911 Cabriolet (992),Turbo S 3.8 (650 Hp) PDK,2020,Cabriolet,2.8,330,173.6,3745,102,76.4,1710,67,4535,1900,1301,2450,All wheel drive (4x4),,8.3,1583,1600,0.33,2.6,380.1,2.1,467.8,650,6750,800,3250
911 Cabriolet (992),Turbo 3.8 (580 Hp) PDK,2020,Cabriolet,2.9,320,154.9,3745,102,76.4,1710,67,4535,1900,1302,2450,All wheel drive (4x4),8.7,8.3,1583,1600,0.33,2.9,339.2,2.3,438.6,580,6500,750,3375
911 Cabriolet (992),Carrera GTS 3.0 (480 Hp) PDK,2021,Cabriolet,3.6,309,161,2981,91,76.4,1615,64,4533,1852,1300,2450,Rear wheel drive,,8,,,0.31,3.4,297.2,2.8,352.9,480,6500,570,3650
911 Cabriolet (992),Carrera GTS 3.0 (480 Hp),2021,Cabriolet,4.3,309,161,2981,91,76.4,1580,64,4533,1852,1302,2450,Rear wheel drive,,8,,,0.31,3.3,303.8,2.8,360.8,480,6500,570,3650
911 Cabriolet (992),Carrera 4 GTS 3.0 (480 Hp) PDK,2021,Cabriolet,3.5,307,161,2981,91,76.4,1665,67,4533,1852,1300,2450,All wheel drive (4x4),,8,,,0.31,3.5,288.3,2.9,342.3,480,6500,570,3650
911 Cabriolet (992),Carrera 4 GTS 3.0 (480 Hp),2021,Cabriolet,4.3,307,161,2981,91,76.4,1630,67,4533,1852,1302,2450,All wheel drive (4x4),,8,,,0.31,3.4,294.5,2.9,349.7,480,6500,570,3650
911 Cabriolet (992),Carrera S 3.0 (450 Hp) PDK,2019,Cabriolet,3.7,306,151,2981,91,76.4,1585,64,4519,1852,1299,2450,Rear wheel drive,10.2,8,1589,1557,0.3,3.5,283.9,3,334.4,450,6500,530,3650
911 Cabriolet (992),Carrera 4S 3.0 (450 Hp) PDK,2019,Cabriolet,3.6,304,151,2981,91,76.4,1635,67,4519,1852,1299,2450,All wheel drive (4x4),10.2,8,1589,1557,,3.6,275.2,3.1,324.2,450,6500,530,3650
911 Cabriolet (992),Carrera 4 3.0 (385 Hp) PDK,2019,Cabriolet,4.4,289,129.2,2981,91,76.4,1625,67,4519,1852,1297,2450,All wheel drive (4x4),10.2,8.3,1591,1557,0.29,4.2,236.9,3.6,276.9,385,6500,450,3475
911 Cabriolet (992),Carrera 3.0 (385 Hp) PDK,2019,Cabriolet,4.4,291,129.2,2981,91,76.4,1575,64,4519,1852,1297,2450,Rear wheel drive,,8.3,1591,1557,0.29,4.1,244.4,3.5,285.7,385,6500,450,3475
911 (992),Turbo S 3.8 (650 Hp) PDK,2020,Coupe,2.7,330,173.6,3745,102,76.4,1640,67,4535,1900,1303,2450,All wheel drive (4x4),,8.3,1583,1600,0.33,2.5,396.3,2.1,487.8,650,6750,800,3250
911 (992),Turbo 3.8 (580 Hp) PDK,2020,Coupe,2.8,320,154.9,3745,102,76.4,1640,67,4535,1900,1303,2450,All wheel drive (4x4),8.7,8.3,1583,1600,0.33,2.8,353.7,2.2,457.3,580,6500,750,3375
911 (992),Sport Classic 3.7 (550 Hp),2022,Coupe,4.1,315,146.9,3745,102,76.4,1570,67,4535,1900,1299,2450,Rear wheel drive,8.7,,1577,1594,0.35,2.9,350.3,2.6,382.2,550,6750,600,4000
911 (992),S/T 4.0 (525 Hp),2023,Coupe,3.7,300,131.4,3996,102,81.5,1380,64,4573,1852,1279,2457,Rear wheel drive,,,,,,2.6,380.4,3,337,525,8500,465,3650
911 (992),GT3 RS 4.0 (525 Hp) PDK,2022,Coupe,3.2,296,131.4,3996,102,81.5,1450,64,4572,1900,1322,2457,Rear wheel drive,,,,,0.39,2.8,362.1,3.1,320.7,525,8500,465,6300
911 (992),GT3 4.0 (510 Hp) PDK,2021,Coupe,3.4,318,127.6,3996,102,81.5,1435,64,4573,1852,1279,2457,Rear wheel drive,13.3,,1601,1553,0.34,2.8,355.4,3.1,327.5,510,8400,470,6100
911 (992),GT3 4.0 (510 Hp),2021,Coupe,3.9,320,127.6,3996,102,81.5,1418,64,4573,1852,1279,2457,Rear wheel drive,13.3,,1601,1553,0.34,2.8,359.7,3,331.5,510,8400,470,6100
911 (992),Carrera GTS 3.0 (480 Hp) PDK,2021,Coupe,3.4,311,161,2981,91,76.4,1545,64,4533,1852,1301,2450,Rear wheel drive,,8,,,0.31,3.2,310.7,2.7,368.9,480,6500,570,3650
911 (992),Carrera GTS 3.0 (480 Hp),2021,Coupe,4.1,311,161,2981,91,76.4,1510,64,4533,1852,1303,2450,Rear wheel drive,,8,,,0.31,3.1,317.9,2.6,377.5,480,6500,570,3650
911 (992),Carrera 4 GTS 3.0 (480 Hp) PDK,2021,Coupe,3.3,309,161,2981,91,76.4,1595,67,4533,1852,1301,2450,All wheel drive (4x4),,8,,,0.31,3.3,300.9,2.8,357.4,480,6500,570,3650
911 (992),Carrera 4 GTS 3.0 (480 Hp),2021,Coupe,4.1,309,161,2981,91,76.4,1560,67,4533,1852,1303,2450,All wheel drive (4x4),,8,,,0.31,3.3,307.7,2.7,365.4,480,6500,570,3650
911 (992),Carrera S 3.0 (450 Hp) PDK,2018,Coupe,3.7,308,151,2981,91,76.4,1515,64,4519,1852,1300,2450,Rear wheel drive,10.2,8,1589,1557,0.29,3.4,297,2.9,349.8,450,6500,530,3650
911 (992),Carrera 4S 3.0 (450 Hp) PDK,2018,Coupe,3.6,306,151,2981,91,76.4,1565,67,4519,1852,1300,2450,All wheel drive (4x4),10.2,8,1589,1557,0.29,3.5,287.5,3,338.7,450,6500,530,3650
911 (992),Carrera T 3.0 (385 Hp) PDK,2022,Coupe,4,291,129.2,2981,91,76.4,1505,64,4530,1852,1291,2450,Rear wheel drive,,8.3,,,0.3,3.9,255.8,3.3,299,385,6500,450,3475
911 (992),Carrera T 3.0 (385 Hp),2022,Coupe,4.5,291,129.2,2981,91,76.4,1470,64,4530,1852,1293,2450,Rear wheel drive,,8.3,,,0.3,3.8,261.9,3.3,306.1,385,6500,450,3475
911 (992),Carrera 4 3.0 (385 Hp) PDK,2019,Coupe,4.2,291,129.2,2981,91,76.4,1555,67,4519,1852,1298,2450,All wheel drive (4x4),10.2,8.3,1591,1557,0.29,4,247.6,3.5,289.4,385,6500,450,3475
911 (992),Carrera 3.0 (385 Hp) PDK,2019,Coupe,4.0-4.2,293,129.2,2981,91,76.4,1505,64,4519,1852,1298,2450,Rear wheel drive,,8.3,1591,1557,0.29,3.9,255.8,3.3,299,385,6500,450,3475
911 RSR (991),4.0 (510 Hp) Automatic,2016,Coupe,,,,,102,81.5,1243,,4557,2042-2048,,2516,Rear wheel drive,,,,,,2.4,410.3,,,510,,,
911 Cabriolet (991 II),Turbo S 3.8 (580 Hp) PDK,2015,Cabriolet,3,330,152.6,3800,102,77.5,1670,68,4507,1880,1294,2450,All wheel drive (4x4),9.8,7.5,1541,1590,0.32,2.9,347.3,2.2,449.1,580,6750,750,3125
911 Cabriolet (991 II),Turbo 3.8 (540 Hp) PDK,2015,Cabriolet,3.1,320,142.1,3800,102,77.5,1665,68,4507,1880,1294,2450,All wheel drive (4x4),9.8,7.5,1541,1590,0.32,3.1,324.3,2.3,426.4,540,6400,710,3125
911 Cabriolet (991 II),Carrera GTS 3.0 (450 Hp) PDK,2017,Cabriolet,3.8,308,151,2981,91,76.4,1540,64,4528,1852,1291,2450,Rear wheel drive,10,8,1539,1544,0.32,3.4,292.2,2.8,357.1,450,6500,550,3575
911 Cabriolet (991 II),Carrera GTS 3.0 (450 Hp),2017,Cabriolet,4.2,310,151,2981,91,76.4,1520,64,4528,1852,1291,2450,Rear wheel drive,10,8,1539,1544,0.32,3.4,296.1,2.8,361.8,450,6500,550,3575
911 Cabriolet (991 II),Carrera 4 GTS 3.0 (450 Hp) PDK,2017,Cabriolet,3.7,306,151,2981,91,76.4,1585,67,4528,1852,1293,2450,All wheel drive (4x4),10,8,1539,1544,0.32,3.5,283.9,2.9,347,450,6500,550,3575
911 Cabriolet (991 II),Carrera 4 GTS 3.0 (450 Hp),2017,Cabriolet,4.1,308,151,2981,91,76.4,1565,67,4528,1852,1293,2450,All wheel drive (4x4),10,8,1539,1544,0.32,3.5,287.5,2.8,351.4,450,6500,550,3575
911 Cabriolet (991 II),Carrera S 3.0 (420 Hp) PDK,2015,Cabriolet,4.3,304,140.9,2981,,,1530,64,4499,1808,1291,2450,Rear wheel drive,10,8,,,0.3,3.6,274.5,3.1,326.8,420,6500,500,3350
911 Cabriolet (991 II),Carrera S 3.0 (420 Hp),2015,Cabriolet,4.5,306,140.9,2981,,,1510,64,4499,1808,1291,2450,Rear wheel drive,10,8,,,0.3,3.6,278.1,3,331.1,420,6500,500,3350
911 Cabriolet (991 II),Carrera 3.0 (370 Hp) PDK,2015,Cabriolet,4.6,290,124.1,2981,91,76.4,1520,64,4499,1808,1297,2450,Rear wheel drive,10,8,1541,1518,0.3,4.1,243.4,3.4,296.1,370,6500,450,3350
911 Cabriolet (991 II),Carrera 3.0 (370 Hp),2015,Cabriolet,4.8,292,124.1,2981,91,76.4,1500,64,4499,1808,1297,2450,Rear wheel drive,10,8,1541,1518,0.3,4.1,246.7,3.3,300,370,6500,450,3350
911 Targa (991 II),4S 3.0 (420 Hp) PDK,2015,Targa,4.2,301,140.9,2981,91,76.4,1600,67,4499,1852,1293,2450,All wheel drive (4x4),10,8,1543,1558,0.3,3.8,262.5,3.2,312.5,420,6500,500,3350
911 Targa (991 II),4S 3.0 (420 Hp),2015,Targa,4.4,303,140.9,2981,91,76.4,1580,68,4499,1852,1293,2450,All wheel drive (4x4),10,8,1543,1558,0.3,3.8,265.8,3.2,316.5,420,6500,500,3350
911 Targa (991 II),4 GTS 3.0 (450 Hp) PDK,2017,Targa,3.7,306,151,2981,91,76.4,1605,67,4528,1852,1291,2450,All wheel drive (4x4),10,8,1539,1544,0.32,3.6,280.4,2.9,342.7,450,6500,550,3575
911 Targa (991 II),4 GTS 3.0 (450 Hp),2017,Targa,4.1,308,151,2981,91,76.4,1585,67,4528,1852,1291,2450,All wheel drive (4x4),10,8,1539,1544,0.32,3.5,283.9,2.9,347,450,6500,550,3575
911 Targa (991 II),4 3.0 (370 Hp) PDK,2015,Targa,4.5,287,124.1,2981,91,76.4,1590,68,4499,1852,1288,2450,All wheel drive (4x4),10,8,1541,1558,0.3,4.3,232.7,3.5,283,370,6500,450,3350
911 Targa (991 II),4 3.0 (370 Hp),2015,Targa,4.7,289,124.1,2981,91,76.4,1570,68,4499,1852,1288,2450,All wheel drive (4x4),10,8,1541,1558,0.3,4.2,235.7,3.5,286.6,370,6500,450,3350
911 (991 II),Turbo S Exclusive 3.8 (607 Hp) PDK,2017,Coupe,2.9,330,159.7,3800,102,77.5,1600,68,4507,1880,1297,2450,All wheel drive (4x4),9.8,7.5,1541,1590,0.31,2.6,379.4,2.1,468.8,607,6750,750,3125
911 (991 II),Turbo S 3.8 (580 Hp) PDK,2015,Coupe,2.9,330,152.6,3800,102,77.5,1600,68,4507,1880,1297,2450,All wheel drive (4x4),9.8,7.5,1541,1590,0.31,2.8,362.5,2.1,468.8,580,6750,750,3125
911 (991 II),Turbo 3.8 (540 Hp) PDK,2015,Coupe,3,320,142.1,3800,102,77.5,1595,68,4507,1880,1297,2450,All wheel drive (4x4),9.8,7.5,1541,1590,0.31,3,338.6,2.2,445.1,540,6400,710,3125
911 (991 II),GT3 RS 4.0 (520 Hp) PDK,2018,Coupe,3.2,312,130.1,3996,,,1430,64,4557,1880,1297,2453,Rear wheel drive,13.3,7.5,1588,1557,,2.8,363.6,3,328.7,520,8250,470,6000
911 (991 II),GT3 4.0 (500 Hp) PDK,2017,Coupe,3.4,318,125.1,3996,102,81.5,1430,64,4562,1852,1271,2457,Rear wheel drive,13.3,6.8,1551,1555,0.33,2.9,349.7,3.1,321.7,500,8250,460,6000
911 (991 II),GT3 4.0 (500 Hp),2017,Coupe,3.9,320,125.1,3996,102,81.5,1413,64,4562,1852,1271,2457,Rear wheel drive,13.3,6.8,1551,1555,0.33,2.8,353.9,3.1,325.5,500,8250,460,6000
911 (991 II),GT2 RS 3.8 (700 Hp) PDK,2017,Coupe,2.8,340,184.2,3800,102,77.5,1470,64,4549,1880,1297,2453,Rear wheel drive,9,7.95,1588,1557,0.35,2.1,476.2,2,510.2,700,7000,750,3500
911 (991 II),Carrera GTS 3.0 (450 Hp) PDK,2017,Coupe,3.7,310,151,2981,91,76.4,1470,64,4528,1852,1284,2450,Rear wheel drive,10,8,1541,1544,0.31,3.3,306.1,2.7,374.1,450,6500,550,3575
911 (991 II),Carrera GTS 3.0 (450 Hp),2017,Coupe,4.1,312,151,2981,91,76.4,1450,64,4528,1852,1284,2450,Rear wheel drive,10,8,1541,1544,0.31,3.2,310.3,2.6,379.3,450,6500,550,3575
911 (991 II),Carrera 4 GTS 3.0 (450 Hp) PDK,2017,Coupe,3.6,308,151,2981,91,76.4,1515,67,4528,1852,1284,2450,All wheel drive (4x4),10,8,1541,1544,0.31,3.4,297,2.8,363,450,6500,550,3575
911 (991 II),Carrera 4 GTS 3.0 (450 Hp),2017,Coupe,4,310,151,2981,91,76.4,1495,67,4528,1852,1284,2450,All wheel drive (4x4),10,8,1541,1544,0.31,3.3,301,2.7,367.9,450,6500,550,3575
911 (991 II),Carrera S 3.0 (420 Hp) PDK,2015,Coupe,4.1,306,140.9,2981,91,76.4,1460,64,4499,1808,1302,2450,Rear wheel drive,10,8,1543,1518,0.3,3.5,287.7,2.9,342.5,420,6500,500,3350
911 (991 II),Carrera S 3.0 (420 Hp),2015,Coupe,4.3,308,140.9,2981,91,76.4,1440,64,4499,1808,1302,2450,Rear wheel drive,10,8,1543,1518,0.3,3.4,291.7,2.9,347.2,420,6500,500,3350
911 (991 II),Carrera 4S 3.0 (420 Hp) PDK,2015,Coupe,4,303,140.9,2981,91,76.4,1510,67,4499,1852,1298,2450,All wheel drive (4x4),10,8,1543,1558,0.3,3.6,278.1,3,331.1,420,6500,500,3350
911 (991 II),Carrera 4S 3.0 (420 Hp),2015,Coupe,4.2,305,140.9,2981,91,76.4,1490,68,4499,1852,1298,2450,All wheel drive (4x4),10,8,1543,1558,0.3,3.5,281.9,3,335.6,420,6500,500,3350
911 (991 II),Carrera T 3.0 (370 Hp) PDK,2017,Coupe,4.2,291,124.1,2981,,,1445,64,4527,1808,1285,2450,Rear wheel drive,10,8,,,0.31,3.9,256.1,3.2,311.4,370,6500,450,3350
911 (991 II),Carrera T 3.0 (370 Hp),2017,Coupe,4.5,293,124.1,2981,,,1425,64,4527,1808,1285,2450,Rear wheel drive,10,8,,,0.31,3.9,259.6,3.2,315.8,370,6500,450,3350
911 (991 II),Carrera 3.0 (370 Hp) PDK,2015,Coupe,4.4,293,124.1,2981,,,1450,64,4499,1808,1294,2450,Rear wheel drive,10,8,,,0.29,3.9,255.2,3.2,310.3,370,6500,450,3350
911 (991 II),Carrera 3.0 (370 Hp),2015,Coupe,4.6,295,124.1,2981,,,1430,64,4499,1808,1294,2450,Rear wheel drive,10,8,,,0.29,3.9,258.7,3.2,314.7,370,6500,450,3350
911 Targa (991),4S 3.8 (400 Hp) PDK,2014,Targa,4.4,294,105.3,3800,102,77.5,1575,68,4491,1852,1289,2450,All wheel drive (4x4),12.5,7.5,1538,1552,0.3,3.9,254,3.6,279.4,400,7400,440,5600
911 Targa (991),4S 3.8 (400 Hp),2014,Targa,4.8,296,105.3,3800,102,77.5,1555,68,4491,1852,1291,2450,All wheel drive (4x4),12.5,7.5,1538,1552,0.3,3.9,257.2,3.5,283,400,7400,440,5600
911 Targa (991),4 GTS 3.8 (430 Hp) PDK,2015,Targa,4.3,301,113.2,3800,102,77.5,1580,68,4509,1852,1291,2450,All wheel drive (4x4),12.5,7.5,1538,1560,0.3,3.7,272.2,3.6,278.5,430,7500,440,5750
911 Targa (991),4 GTS 3.8 (430 Hp),2015,Targa,4.7,303,113.2,3800,102,77.5,1560,68,4509,1852,1291,2450,All wheel drive (4x4),12.5,7.5,1538,1560,0.3,3.6,275.6,3.5,282.1,430,7500,440,5750
911 Targa (991),4 3.4 (350 Hp) PDK,2014,Targa,4.8,280,101.9,3436,97,77.5,1560,68,4491,1852,1298,2450,All wheel drive (4x4),12.5,7.5,1532,1560,0.29,4.5,224.4,4,250,350,7400,390,5600
911 Targa (991),4 3.4 (350 Hp),2014,Targa,5.2,282,101.9,3436,97,77.5,1540,68,4491,1852,1298,2450,All wheel drive (4x4),12.5,7.5,1532,1560,0.29,4.4,227.3,3.9,253.2,350,7400,390,5600
911 Cabriolet (991),Turbo S 3.8 (560 Hp) PDK,2013,Cabriolet,3.1,318,147.4,3800,102,77.5,1670,68,4506,1880,1295,2450,All wheel drive (4x4),9.8,7.5,1539,1590,0.31,3,335.3,2.4,419.2,560,6500,700,3175
911 Cabriolet (991),Turbo 3.8 (520 Hp) PDK,2013,Cabriolet,3.5,315,136.8,3800,102,77.5,1665,68,4506,1880,1292,2450,All wheel drive (4x4),9.8,7.5,1541,1590,0.31,3.2,312.3,2.5,396.4,520,6000,660,3475
911 Cabriolet (991),Carrera GTS 3.8 (430 Hp) PDK,2014,Cabriolet,4.2,302,113.2,3800,102,77.5,1515,64,4509,1852,1292,2450,Rear wheel drive,12.5,7.5,1538,1560,0.3,3.5,283.8,3.4,290.4,430,7500,440,5750
911 Cabriolet (991),Carrera GTS 3.8 (430 Hp),2014,Cabriolet,4.6,304,113.2,3800,102,77.5,1495,64,4509,1852,1292,2450,Rear wheel drive,12.5,7.5,1538,1560,0.3,3.5,287.6,3.4,294.3,430,7500,440,5750
911 Cabriolet (991),Carrera 4 GTS 3.8 (430 Hp) PDK,2014,Cabriolet,4.2,301,113.2,3800,102,77.5,1560,68,4509,1852,1294,2450,All wheel drive (4x4),12.5,7.5,1538,1560,0.3,3.6,275.6,3.5,282.1,430,7500,440,5750
911 Cabriolet (991),Carrera 4 GTS 3.8 (430 Hp),2014,Cabriolet,4.6,303,113.2,3800,102,77.5,1540,68,4509,1852,1294,2450,All wheel drive (4x4),12.5,7.5,1538,1560,0.3,3.6,279.2,3.5,285.7,430,7500,440,5750
911 Cabriolet (991),Carrera S 3.8 (400 Hp) PDK,2011,Cabriolet,4.3,299,105.3,3800,102,77.5,1505,64,4491,1808,1292,2450,Rear wheel drive,12.5,7.5,1538,1516,0.3,3.8,265.8,3.4,292.4,400,7400,440,5600
911 Cabriolet (991),Carrera S 3.8 (400 Hp),2011,Cabriolet,4.7,301,105.3,3800,102,77.5,1485,64,4491,1808,1292,2450,Rear wheel drive,12.5,7.5,1538,1516,0.3,3.7,269.4,3.4,296.3,400,7400,440,5600
911 Cabriolet (991),Carrera 4S 3.8 (400 Hp) PDK S,2012,Cabriolet,4.3,294,105.3,3800,102,77.5,1555,68,4491,1852,1293,2450,All wheel drive (4x4),12.5,7.5,1538,1552,0.31,3.9,257.2,3.5,283,400,7400,440,5600
911 Cabriolet (991),Carrera 4S 3.8 (400 Hp),2012,Cabriolet,4.7,296,105.3,3800,102,77.5,1535,68,4491,1852,1294,2450,All wheel drive (4x4),12.5,7.5,1538,1552,0.31,3.8,260.6,3.5,286.6,400,7400,440,5600
911 Cabriolet (991),Carrera 4 3.4 (350 Hp) PDK,2012,Cabriolet,4.7,280,101.9,3436,97,77.5,1540,68,4491,1852,1300,2450,All wheel drive (4x4),12.5,7.5,1532,1560,0.31,4.4,227.3,3.9,253.2,350,7400,390,5600
911 Cabriolet (991),Carrera 4 3.4 (350 Hp),2012,Cabriolet,5.1,282,101.9,3436,97,77.5,1520,68,4491,1852,1300,2450,All wheel drive (4x4),12.5,7.5,1532,1560,0.31,4.3,230.3,3.9,256.6,350,7400,390,5600
911 Cabriolet (991),Carrera 3.4 (350 Hp) PDK,2011,Cabriolet,4.6,284,101.9,3436,97,77.5,1490,64,4491,1808,1299,2450,Rear wheel drive,12.5,7.5,1532,1518,0.3,4.3,234.9,3.8,261.7,350,7400,390,5600
911 Cabriolet (991),Carrera 3.4 (350 Hp),2011,Cabriolet,5,286,101.9,3436,97,77.5,1470,64,4491,1808,1299,2450,Rear wheel drive,12.5,7.5,1532,1518,0.3,4.2,238.1,3.8,265.3,350,7400,390,5600
911 (991),Turbo S 3.8 (560 Hp) PDK,2013,Coupe,3.1,318,147.4,3800,102,77.5,1605,68,4506,1880,1296,2450,All wheel drive (4x4),9.8,7.5,1539,1590,0.31,2.9,348.9,2.3,436.1,560,6500,700,3175
911 (991),Turbo 3.8 (520 Hp) PDK,2013,Coupe,,312,,,,,1595,68,4506,1880,1295,2450,All wheel drive (4x4),9.8,7.5,,,0.31,3.1,326,2.4,413.8,520,6000,660,3475
911 (991),R 4.0 (500 Hp),2016,Coupe,3.8,323,125.1,3996,102,81.5,1370,64,4532,1852,1276,2475,Rear wheel drive,13.2,6.8,1551,1555,0.32,2.7,365,3,335.8,500,8250,460,6250
911 (991),GT3 RS 4.0 (500 Hp) PDK,2015,Coupe,3.3,310,125.1,3996,102,81.5,1420,64,4545,1880,1291,2457,Rear wheel drive,12.9,8,1587,1557,0.33,2.8,352.1,3.1,323.9,500,8250,460,6250
911 (991),GT3 3.8 (475 Hp) PDK,2013,Coupe,3.5,315,125,3799,102,77.5,1430,64,4545,1852,1269,2457,Rear wheel drive,12.9,7.5,1551,1555,0.33,3,332.2,3.3,307.7,475,8250,440,6250
911 (991),Carrera GTS 3.8 (430 Hp) PDK,2014,Coupe,4,304,113.2,3800,102,77.5,1445,64,4509,1852,1295,2450,Rear wheel drive,12.5,7.5,1538,1560,0.3,3.4,297.6,3.3,304.5,430,7500,440,5750
911 (991),Carrera GTS 3.8 (430 Hp),2014,Coupe,4.4,306,113.2,3800,102,77.5,1425,64,4509,1852,1295,2450,Rear wheel drive,12.5,7.5,1538,1560,0.3,3.3,301.8,3.2,308.8,430,7500,440,5750
911 (991),Carrera 4 GTS 3.8 (430 Hp) PDK,2014,Coupe,4,302,113.2,3800,102,77.5,1490,68,4509,1852,1296,2450,All wheel drive (4x4),12.5,7.5,1538,1560,0.3,3.5,288.6,3.4,295.3,430,7500,440,5750
911 (991),Carrera 4 GTS 3.8 (430 Hp),2014,Coupe,4.4,304,113.2,3800,102,77.5,1470,68,4509,1852,1296,2450,All wheel drive (4x4),12.5,7.5,1538,1560,0.3,3.4,292.5,3.3,299.3,430,7500,440,5750
911 (991),Carrera S 3.8 (400 Hp) PDK,2011,Coupe,4.1,302,105.3,3800,102,77.5,1435,64,4491,1808,1295,2450,Rear wheel drive,12.5,7.5,1538,1516,0.29,3.6,278.7,3.3,306.6,400,7400,440,5600
911 (991),Carrera S 3.8 (400 Hp),2011,Coupe,4.5,304,105.3,3800,102,77.5,1415,64,4491,1808,1295,2450,Rear wheel drive,12.5,7.5,1538,1516,0.29,3.5,282.7,3.2,311,400,7400,440,5600
911 (991),Carrera 4S 3.8 (400 Hp) PDK,2012,Coupe,4.1,297,105.3,3800,102,77.5,1485,68,4491,1852,1295,2450,All wheel drive (4x4),12.5,7.5,1538,1552,0.3,3.7,269.4,3.4,296.3,400,7400,440,5600
911 (991),Carrera 4S 3.8 (400 Hp),2012,Coupe,4.5,299,105.3,3800,102,77.5,1465,68,4491,1852,1296,2450,All wheel drive (4x4),12.5,7.5,1538,1552,0.3,3.7,273,3.3,300.3,400,7400,440,5600
911 (991),Carrera 4 3.4 (350 Hp) PDK,2012,Coupe,4.5,283,101.9,3436,97,77.5,1470,68,4491,1852,1304,2450,All wheel drive (4x4),12.5,7.5,1532,1560,0.3,4.2,238.1,3.8,265.3,350,7400,390,5600
911 (991),Carrera 4 3.4 (350 Hp),2012,Coupe,4.9,285,101.9,3436,97,77.5,1450,68,4491,1852,1304,2450,All wheel drive (4x4),12.5,7.5,1532,1560,0.3,4.1,241.4,3.7,269,350,7400,390,5600
911 (991),Carrera 3.4 (350 Hp) PDK,2011,Coupe,4.4,287,101.9,3436,97,77.5,1420,64,4491,1808,1303,2450,Rear wheel drive,12.5,7.5,1532,1518,0.29,4.1,246.5,3.6,274.6,350,7400,390,5600
911 (991),Carrera 3.4 (350 Hp),2011,Coupe,4.8,289,101.9,3436,97,77.5,1400,64,4491,1808,1303,2450,Rear wheel drive,12.5,7.5,1532,1518,0.29,3,250,3.6,278.6,350,7400,390,5600
"911 Cabriolet (997, facelift 2008)",Turbo S 3.8 (530 Hp) PDK,2010,Cabriolet,3.4,315,139.5,3800,,,1660,67,4450,1852,1300,2350,All wheel drive (4x4),,8,,,0.32,3.1,319.3,2.4,421.7,530,6250,700,3175
"911 Cabriolet (997, facelift 2008)",Turbo 3.8 (500 Hp) PDK,2009,Cabriolet,3.5-3.7,312,131.6,3800,,,1670,67,4450,1852,1300,2350,All wheel drive (4x4),9.8,8,,,0.32,3.3,299.4,2.6,389.2,500,6000,650,3475
"911 Cabriolet (997, facelift 2008)",Turbo 3.8 (500 Hp),2009,Cabriolet,3.8,312,131.6,3800,,,1645,67,4450,1852,1300,2350,All wheel drive (4x4),9.8,8,,,0.32,3.3,304,2.5,395.1,500,6000,650,3475
"911 Cabriolet (997, facelift 2008)",Carrera GTS 3.8 (408 Hp) PDK,2010,Cabriolet,4.6,340,107.4,3800,,,1545,67,4435,1852,1300,2350,Rear wheel drive,,7.5,,,0.31,3.8,264.1,3.7,271.8,408,7300,420,4200
"911 Cabriolet (997, facelift 2008)",Carrera GTS 3.8 (408 Hp),2010,Cabriolet,4.8,306,107.4,3800,,,1515,67,4435,1852,1300,2350,Rear wheel drive,,7.5,,,0.31,3.7,269.3,3.6,277.2,408,7300,420,4200
"911 Cabriolet (997, facelift 2008)",Carrera 4 GTS 3.8 (408 Hp) PDK,2010,Cabriolet,4.4-4.6,300,107.4,3800,,,1595,67,4435,1852,1300,2350,All wheel drive (4x4),12.5,7.5,,,0.31,3.9,255.8,3.8,263.3,408,7300,420,4200
"911 Cabriolet (997, facelift 2008)",Carrera 4 GTS 3.8 (408 Hp),2010,Cabriolet,4.8,302,107.4,3800,,,1565,67,4435,1852,1300,2350,All wheel drive (4x4),12.5,7.5,,,0.31,3.8,260.7,3.7,268.4,408,7300,420,4200
"911 Cabriolet (997, facelift 2008)",Carrera S 3.8 (385 Hp) PDK,2008,Cabriolet,4.7,300,101.3,3800,,,1540,64,4435,1808,1300,2350,Rear wheel drive,12.5,7.5,,,0.31,3,250,3.7,272.7,385,6500,420,4400
"911 Cabriolet (997, facelift 2008)",Carrera S 3.8 (385 Hp),2008,Cabriolet,4.9,302,101.3,3800,,,1510,64,4435,1808,1300,2350,Rear wheel drive,12.5,7.5,,,0.3,3.9,255,3.6,278.1,385,6500,420,4400
"911 Cabriolet (997, facelift 2008)",Carrera 4S 3.8 (385 Hp) PDK,2008,Cabriolet,4.5-4.7,295,101.3,3800,,,1595,67,4435,1852,1300,2350,All wheel drive (4x4),12.5,7.5,,,0.31,4.1,241.4,3.8,263.3,385,6500,420,4200
"911 Cabriolet (997, facelift 2008)",Carrera 4S 3.8 (385 Hp),2008,Cabriolet,4.9,297,101.3,3800,,,1565,67,4435,1852,1300,2350,All wheel drive (4x4),12.5,7.5,,,0.3,4.1,246,3.7,268.4,385,6500,420,4200
"911 Cabriolet (997, facelift 2008)",Carrera 4 3.6 (345 Hp) PDK,2008,Cabriolet,5,282,95.5,3614,,,1585,67,4435,1852,1310,2350,All wheel drive (4x4),12.5,7.5,,,0.3,4.6,217.7,4.1,246.1,345,6500,390,4400
"911 Cabriolet (997, facelift 2008)",Carrera 4 3.6 (345 Hp),2008,Cabriolet,5.2,284,95.5,3614,,,1555,67,4435,1852,1310,2350,All wheel drive (4x4),12.5,7.5,,,0.3,4.5,221.9,4,250.8,345,6500,390,4400
"911 Cabriolet (997, facelift 2008)",Carrera 3.6 (345 Hp) PDK,2008,Cabriolet,4.9,287,95.5,3614,,,1530,64,4435,1808,1310,2350,Rear wheel drive,12.5,7.5,,,0.3,4.4,225.5,3.9,254.9,345,6500,390,4400
"911 Cabriolet (997, facelift 2008)",Carrera 3.6 (345 Hp),2008,Cabriolet,5.1,289,95.5,3614,,,1500,64,4435,1808,1310,2350,Rear wheel drive,12.5,7.5,,,0.3,4.3,230,3.8,260,345,6500,390,4400
"911 Targa (997, facelift 2008)",Targa 4S 3.8 (385 Hp) PDK,2008,Targa,4.7,295,101.3,3800,,,1570,67,4435,1852,1300,2350,All wheel drive (4x4),12.5,7.5,,,0.31,4.1,245.2,3.7,267.5,385,6500,420,4200
"911 Targa (997, facelift 2008)",Targa 4S 3.8 (385 Hp),2008,Targa,4.9,297,101.3,3800,,,1540,67,4435,1852,1300,2350,All wheel drive (4x4),12.5,7.5,,,0.3,3,250,3.7,272.7,385,6500,420,4200
"911 Targa (997, facelift 2008)",Targa 4 3.6 (345 Hp) PDK,2008,Targa,5,282,95.5,3614,,,1560,67,4435,1852,1310,2350,All wheel drive (4x4),12.5,7.5,,,0.3,4.5,221.2,4,250,345,6500,390,4400
"911 Targa (997, facelift 2008)",Targa 4 3.6 (345 Hp),2008,Targa,5.2,284,95.5,3614,,,1530,67,4435,1852,1310,2350,All wheel drive (4x4),12.5,7.5,,,0.3,4.4,225.5,3.9,254.9,345,6500,390,4400
"911 (997, facelift 2008)",Turbo S 3.8 (530 Hp) PDK,2010,Coupe,3.3,315,139.5,3800,,,1585,67,4450,1852,1300,2350,All wheel drive (4x4),9.8,8,,,0.31,3,334.4,2.3,441.6,530,6250,700,3175
"911 (997, facelift 2008)",Turbo 3.8 (500 Hp) PDK,2009,Coupe,3.4-3.6,312,131.6,3800,,,1595,67,4450,1852,1300,2350,All wheel drive (4x4),9.8,8,,,0.31,3.2,313.5,2.5,407.5,500,6000,650,3475
"911 (997, facelift 2008)",Turbo 3.8 (500 Hp),2009,Coupe,3.7,312,131.6,3800,,,1570,67,4450,1852,1300,2350,All wheel drive (4x4),9.8,8,,,0.31,3.1,318.5,2.4,414,500,6000,650,3475
"911 (997, facelift 2008)",GT3 RS 3.8 (450 Hp),2009,Coupe,4,310,118.5,3797,,,1370,67,4460,1808,1280,2355,Rear wheel drive,12.2,9,,,0.33,3,328.5,3.2,313.9,450,7900,430,6750
"911 (997, facelift 2008)",GT3 3.8 (435 Hp),2009,Coupe,4.1,312,114.6,3797,,,1395,67,4460,1808,1280,2355,Rear wheel drive,12,9,,,0.32,3.2,311.8,3.2,308.2,435,7600,430,6250
"911 (997, facelift 2008)",GT2 RS 3.6 (620 Hp),2010,Coupe,3.5,330,172.2,3600,100,76.6,1370,90,4469,1852,1285,2350,Rear wheel drive,9,8,,,0.34,2.2,452.6,2,510.9,620,2250,700,4600
"911 (997, facelift 2008)",Carrera GTS 3.8 (408 Hp) PDK,2010,Coupe,4.6,304,107.4,3800,,,1450,67,4435,1852,1300,2350,Rear wheel drive,12.5,7.5,,,0.31,3.6,281.4,3.5,289.7,408,7300,420,4200
"911 (997, facelift 2008)",Carrera GTS 3.8 (408 Hp),2010,Coupe,4.8,306,107.4,3800,,,1420,67,4435,1852,1300,2350,Rear wheel drive,12.5,7.5,,,0.3,3.5,287.3,3.4,295.8,408,7300,420,4200
"911 (997, facelift 2008)",Carrera 4 GTS 3.8 (408 Hp) PDK,2010,Coupe,4.4,300,107.4,3800,,,1510,67,4435,1852,1300,2350,All wheel drive (4x4),12.5,7.5,,,0.31,3.7,270.2,3.6,278.1,408,7300,420,4200
"911 (997, facelift 2008)",Carrera 4 GTS 3.8 (408 Hp),2010,Coupe,4.6,302,107.4,3800,,,1480,67,4435,1852,1300,2350,All wheel drive (4x4),12.5,7.5,,,0.3,3.6,275.7,3.5,283.8,408,7300,420,4200
"911 (997, facelift 2008)",Carrera S 3.8 (385 Hp) PDK,2008,Coupe,4.5,300,101.3,3800,,,1455,64,4435,1808,1300,2350,Rear wheel drive,12.5,7.5,,,0.3,3.8,264.6,3.5,288.7,385,6500,420,4400
"911 (997, facelift 2008)",Carrera S 3.8 (385 Hp),2008,Coupe,4.7,302,101.3,3800,,,1425,64,4435,1808,1300,2350,Rear wheel drive,12.5,7.5,,,0.29,3.7,270.2,3.4,294.7,385,6500,420,4400
"911 (997, facelift 2008)",Carrera 4S 3.8 (385 Hp) PDK,2008,Coupe,4.5,295,101.3,3800,,,1510,67,4435,1852,1300,2350,All wheel drive (4x4),12.5,7.5,,,0.3,3.9,255,3.6,278.1,385,6500,420,4400
"911 (997, facelift 2008)",Carrera 4S 3.8 (385 Hp),2008,Coupe,4.7,297,100.7,3824,,,1510,64,4435,1808,1300,2350,All wheel drive (4x4),12.5,7.5,,,0.3,3.9,255,3.6,278.1,385,6500,420,4400
"911 (997, facelift 2008)",Carrera 4 3.6 (345 Hp) PDK,2008,Coupe,4.8,282,95.5,3614,,,1500,67,4435,1852,1310,2350,All wheel drive (4x4),12.5,7.5,,,0.3,4.3,230,3.8,260,345,6500,390,4400
"911 (997, facelift 2008)",Carrera 4 3.6 (345 Hp),2008,Coupe,5,284,95.5,3614,,,1470,67,4435,1852,1310,2350,All wheel drive (4x4),12.5,7.5,,,0.3,4.3,234.7,3.8,265.3,345,6500,390,4400
"911 (997, facelift 2008)",Carrera 3.6 (345 Hp) PDK,2008,Coupe,4.7,287,95.5,3614,,,1445,64,4435,1808,1310,2350,Rear wheel drive,12.5,7.5,,,0.29,4.2,238.8,3.7,269.9,345,6500,390,4400
"911 (997, facelift 2008)",Carrera 3.6 (345 Hp),2008,Coupe,4.9,289,95.5,3614,,,1415,64,4435,1808,1310,2350,Rear wheel drive,12.5,7.5,,,0.29,4.1,243.8,3.8,261.5,345,6500,370,4400
911 Targa (997),Targa 4S 3.8 (355 Hp) Tiptronic S,2006,Targa,5.4,280,92.8,3824,,,1575,67,4427,1852,1300,2350,All wheel drive (4x4),11.8,8.5,,,0.29,4.4,225.4,3.9,254,355,6600,400,4600
911 Targa (997),Targa 4S 3.8 (355 Hp),2006,Targa,4.9,288,92.8,3824,,,1535,67,4427,1852,1300,2350,All wheel drive (4x4),11.8,8.5,,,0.29,4.3,231.3,3.8,260.6,355,6600,400,4600
911 Targa (997),Targa 4 3.6 (325 Hp) Tiptronic S,2006,Targa,5.8,275,90.4,3596,,,1550,67,4427,1852,1310,2350,All wheel drive (4x4),11.3,8.3,,,0.3,4.8,209.7,4.2,238.7,325,6800,370,4250
911 Targa (997),Targa 4 3.6 (325 Hp),2006,Targa,5.3,280,90.4,3596,,,1510,67,4427,1852,1310,2350,All wheel drive (4x4),11.3,8.3,,,0.3,4.6,215.2,4.1,245,325,6800,370,4250
911 Cabriolet (997),Turbo 3.6 (480 Hp) Tiptronic S,2007,Cabriolet,3.8,310,133.3,3600,100,76.4,1655,64,4427,1808,1310,2350,Rear wheel drive,9,8,,,0.31,3.4,290,2.7,374.6,480,6000,620,1950
911 Cabriolet (997),Turbo 3.6 (480 Hp),2007,Cabriolet,4,310,133.3,3600,100,76.4,1655,64,4427,1808,1310,2350,All wheel drive (4x4),9,8,,,0.31,3.4,290,2.7,374.6,480,6000,620,3475
911 Cabriolet (997),Carrera S 3.8 (355 Hp) Tiptronic S,2006,Cabriolet,5.4,285,92.8,3824,,,1545,64,4427,1808,1300,2350,Rear wheel drive,11.8,8.5,,,0.29,4.4,229.8,3.9,258.9,355,6600,400,4600
911 Cabriolet (997),Carrera S 3.8 (355 Hp),2006,Cabriolet,4.9,293,92.8,3824,,,1505,64,4427,1808,1300,2350,Rear wheel drive,11.8,8.5,,,0.29,4.2,235.9,3.8,265.8,355,6600,400,4600
911 Cabriolet (997),Carrera 4S 3.8 (355 Hp) Tiptronic S,2005,Cabriolet,5.4,280,92.8,3824,,,1600,67,4427,1852,1300,2350,All wheel drive (4x4),11.8,8.5,,,0.29,4.5,221.9,4,250,355,6600,400,4600
911 Cabriolet (997),Carrera 4S 3.8 (355 Hp),2005,Cabriolet,4.9,288,92.8,3824,,,1560,67,4427,1852,1300,2350,All wheel drive (4x4),11.8,8.5,,,0.29,4.4,227.6,3.9,256.4,355,6600,400,4600
911 Cabriolet (997),Carrera 4 3.6 (325 Hp) AWD Tiptronic S,2005,Cabriolet,5.8,275,90.4,3596,,,1575,67,4427,1852,1310,2350,All wheel drive (4x4),11.3,8.3,,,0.3,4.8,206.3,4.3,234.9,325,6800,370,4250
911 Cabriolet (997),Carrera 4 3.6 (325 Hp),2005,Cabriolet,5.3,280,90.4,3596,,,1535,67,4427,1852,1310,2350,All wheel drive (4x4),11.3,8.3,,,0.3,4.7,211.7,4.1,241,325,6800,370,4250
911 Cabriolet (997),Carrera 3.6 (325 Hp) Tiptronic S,2006,Cabriolet,5.7,280,90.4,3596,96,82.8,1520,64,4427,1808,1310,2350,Rear wheel drive,11.3,8.3,,,0.29,4.7,213.8,4.1,243.4,325,6800,370,4250
911 Cabriolet (997),Carrera 3.6 (325 Hp),2006,Cabriolet,5.2,285,90.4,3596,96,82.8,1480,64,4427,1808,1310,2350,Rear wheel drive,11.3,8.3,,,0.29,4.6,219.6,4,250,325,6800,370,4250
911 (997),Turbo 3.6 (480 Hp) Tiptronic S,2006,Coupe,3.7,310,133.3,3600,100,76.4,1620,67,4450,1852,1300,2350,All wheel drive (4x4),9,8,,,0.31,3.4,296.3,2.6,382.7,480,6000,620,1950
911 (997),Turbo 3.6 (480 Hp),2006,Coupe,3.9,310,133.3,3600,100,76.4,1585,67,4450,1852,1300,2350,All wheel drive (4x4),9,8,,,0.31,3.3,302.8,2.6,391.2,480,6000,620,1950
911 (997),GT3 RS 3.6 (415 Hp),2006,Coupe,4.2,310,115.3,3600,100,76.4,1375,90,4460,1852,1280,2360,Rear wheel drive,12,9,,,0.3,3.3,301.8,3.4,294.5,415,7600,405,5500
911 (997),GT3 3.6 (415 Hp),2006,Coupe,4.3,310,115.3,3600,100,76.4,1395,90,4445,1808,1280,2355,Rear wheel drive,12,9,,,0.29,3.4,297.5,3.4,290.3,415,7600,405,5500
911 (997),GT2 3.6 (530 Hp),2007,Coupe,3.7,329,147.2,3600,100,76.4,1440,90,4469,1852,1285,2350,Rear wheel drive,9,8,,,0.32,2.7,368.1,2.1,472.2,530,6500,680,3350
911 (997),Carrera S 3.8 (355 Hp) Tiptronic S,2004,Coupe,5.3,285,92.8,3824,,,1460,64,4427,1808,1300,2350,Rear wheel drive,,8.5,1465,1500,0.29,4.1,243.2,3.7,274,355,6600,400,4600
911 (997),Carrera S 3.8 (355 Hp),2004,Coupe,4.8,293,92.8,3824,,,1420,64,4427,1808,1300,2350,Rear wheel drive,,8.5,1465,1500,0.29,3,250,3.6,281.7,355,6600,400,4600
911 (997),Carrera 4S 3.8 (355 Hp) Tiptronic S,2005,Coupe,5.3,280,92.8,3824,,,1515,67,4427,1852,1300,2350,All wheel drive (4x4),11.8,8.5,1465,1500,0.29,4.3,234.3,3.8,264,355,6600,400,4600
911 (997),Carrera 4S 3.8 (355 Hp),2005,Coupe,4.8,288,92.8,3824,,,1480,67,4427,1852,1300,2350,All wheel drive (4x4),11.8,8.5,1465,1500,0.29,4.2,239.9,3.7,270.3,355,6600,400,4600
911 (997),Carrera 4 3.6 (325 Hp) Tiptronic S,2005,Coupe,5.6,275,90.4,3596,96,82.8,1490,67,4427,1852,1310,2350,All wheel drive (4x4),11.3,8.3,1465,1500,0.3,4.6,218.1,4,248.3,325,6800,370,4250
911 (997),Carrera 4 3.6 (325 Hp),2005,Coupe,5.1,280,90.4,3596,96,82.8,1450,67,4427,1852,1310,2350,All wheel drive (4x4),11.3,8.3,1465,1500,0.29,4.5,224.1,3.9,255.2,325,6800,370,4250
911 (997),Carrera 3.6 (325 Hp) Tiptronic S,2004,Coupe,5.5,280,90.4,3596,96,82.8,1510,64,4427,1808,1310,2350,Rear wheel drive,11.3,8.3,1465,1500,0.28,4.6,215.2,4.1,245,325,6800,370,4250
911 (997),Carrera 3.6 (325 Hp),2004,Coupe,5,285,90.4,3596,96,82.8,1395,64,4427,1808,1310,2350,Rear wheel drive,11.3,8.3,1465,1500,0.28,4.3,233,3.8,265.2,325,6800,370,4250
"911 Cabriolet (996, facelift 2001)",Turbo 3.6 (420 Hp) Tiptronic S,2000,Cabriolet,4.9,295,116.7,3600,,,,63,4465,1830,1295,2350,All wheel drive (4x4),9.4,8,,,,,,,,420,6000,560,3650
"911 Cabriolet (996, facelift 2001)",Turbo 3.6 (420 Hp),2000,Cabriolet,4.3,305,116.7,3600,,,,63,4465,1830,1295,2350,All wheel drive (4x4),9.4,8,,,,,,,,420,6000,560,3650
"911 Cabriolet (996, facelift 2001)",Carrera 4S 3.6 (320 Hp) Tiptronic S,2001,Cabriolet,5.9,275,89,3596,,,1620,64,4435,1830,1295,2350,Rear wheel drive,11.3,8.8,,,,5.1,197.5,4.4,228.4,320,6800,370,4250
"911 Cabriolet (996, facelift 2001)",Carrera 4S 3.6 (320 Hp),2001,Cabriolet,5.3,280,89,3596,,,1565,64,4435,1830,1295,2350,Rear wheel drive,11.3,8.8,,,,4.9,204.5,4.2,236.4,320,6800,370,4250
"911 Cabriolet (996, facelift 2001)",Carrera 4 3.6 (320 Hp) Tiptronic S,2001,Cabriolet,5.7,280,89,3596,96,82.8,1565,64,4430,1770,1305,2350,All wheel drive (4x4),11.3,8.8,1465,1500,,4.9,204.5,4.2,236.4,320,6800,370,4250
"911 Cabriolet (996, facelift 2001)",Carrera 4 3.6 (320 Hp),2001,Cabriolet,5.2,285,89,3596,96,82.8,1510,64,4430,1770,1305,2350,All wheel drive (4x4),11.3,8.8,1465,1500,,4.7,211.9,4.1,245,320,6800,370,4250
"911 Cabriolet (996, facelift 2001)",Carrera 3.6 (320 Hp) Tiptronic S,2001,Cabriolet,5.7,280,89,3596,96,82.8,1505,64,4430,1770,1305,2350,Rear wheel drive,11.3,8.8,1465,1500,,4.7,212.6,4.1,245.8,320,6800,370,4250
"911 Cabriolet (996, facelift 2001)",Carrera 3.6 (320 Hp),2001,Cabriolet,5.2,285,89,3596,96,82.8,1450,64,4430,1770,1305,2350,Rear wheel drive,11.3,8.8,1465,1500,,4.5,220.7,3.9,255.2,320,6800,370,4250
"911 Targa (996, facelift 2001)",3.6 (320 Hp) Tiptronic S,2002,Targa,5.7,280,89,3596,,,1495,64,4430,1770,1305,2350,Rear wheel drive,11.3,8.8,,,,4.7,214,4,247.5,320,6800,370,4250
"911 Targa (996, facelift 2001)",3.6 (320 Hp),2002,Targa,5.2,285,89,3596,,,1440,64,4430,1770,1305,2350,Rear wheel drive,11.3,8.8,1465,1500,,4.5,222.2,3.9,256.9,320,6800,370,4250
"911 (996, facelift 2001)",Turbo 3.6 (420 Hp) Tiptronic S,2000,Coupe,4.8,296,116.7,3600,100,76.4,1540,63,4465,1830,1295,2350,All wheel drive (4x4),9.4,8,1472,1528,,3.7,272.7,2.8,363.6,420,6000,560,3650
"911 (996, facelift 2001)",Turbo 3.6 (420 Hp),2000,Coupe,4.2,303,116.7,3600,100,76.4,1540,64,4465,1830,1295,2350,All wheel drive (4x4),9.4,8,1465,1522,,3.7,272.7,2.8,363.6,420,6000,560,2700
"911 (996, facelift 2001)",GT3 3.6 (380 Hp),2003,Coupe,4.3,306,105.6,3600,,,,89,4435,1770,1275,2355,Rear wheel drive,11.7,9,1485,1495,,,,,,380,7400,385,5000
"911 (996, facelift 2001)",GT2 3.6 (483 Hp),2001,Coupe,4.1,315,134.2,3600,,,1420,89,4450,1830,1275,2355,Rear wheel drive,9.4,8.8,,,0.34,2.9,340.1,2.2,450.7,483,5700,640,4000
"911 (996, facelift 2001)",Carrera 4S 3.6 (320 Hp) Tiptronic S,2001,Coupe,5.6,275,89,3596,96,82.8,1550,64,4435,1830,1295,2350,All wheel drive (4x4),11.3,8.8,1475,1528,,4.8,206.5,4.2,238.7,320,6800,370,4250
"911 (996, facelift 2001)",Carrera 4S 3.6 (320 Hp),2001,Coupe,5.1,280,89,3596,96,82.8,1495,64,4435,1830,1295,2350,All wheel drive (4x4),11.3,8.8,1475,1528,,4.7,214,4,247.5,320,6800,370,4250
"911 (996, facelift 2001)",Carrera 4 3.6 (320 Hp) Tiptronic S,2001,Coupe,5.5,280,89,3596,96,82.8,1510,64,4430,1770,1305,2350,All wheel drive (4x4),11.3,8.8,1465,1500,,4.7,211.9,4.1,245,320,6800,370,4250
"911 (996, facelift 2001)",Carrera 4 3.6 (320 Hp),2001,Coupe,5,285,89,3596,96,82.8,1430,64,4430,1770,1305,2350,All wheel drive (4x4),11.3,8.8,1465,1500,,4.5,223.8,3.9,258.7,320,6800,370,4250
"911 (996, facelift 2001)",Carrera 3.6 (320 Hp) Tiptronic S,2001,Coupe,5.5,280,89,3596,96,82.8,1425,64,4430,1770,1305,2350,Rear wheel drive,11.3,8.8,1465,1500,,4.5,224.6,3.9,259.6,320,6800,370,4250
"911 (996, facelift 2001)",Carrera 3.6 (320 Hp),2001,Coupe,5,285,89,3596,96,82.8,1370,64,4430,1770,1305,2350,Rear wheel drive,11.3,8.8,1465,1500,,4.3,233.6,3.7,270.1,320,6800,370,4250
911 Cabriolet (996),Carrera 4 3.4 (300 Hp) Tiptronic S,1998,Cabriolet,6.2,275,88.6,3387,96,78,,,4430,1765,1305,2350,All wheel drive (4x4),11.3,8.3,1455,1500,,,,,,300,6800,350,4600
911 Cabriolet (996),Carrera 4 3.4 (300 Hp),1998,Cabriolet,5.4,280,88.6,3387,96,78,1450,64,4430,1765,1305,2350,All wheel drive (4x4),11.3,8.3,1455,1500,,4.8,206.9,4.1,241.4,300,6800,350,4600
911 Cabriolet (996),Carrera 3.4 (300 Hp) Tiptronic S,1998,Cabriolet,6.2,275,88.6,3387,96,78,1440,,4430,1765,1305,2350,Rear wheel drive,11.3,8.3,1455,1500,,4.8,208.3,4.1,243.1,300,6800,350,4600
911 Cabriolet (996),Carrera 3.4 (300 Hp),1998,Cabriolet,5.4,280,88.6,3387,96,78,1395,64,4430,1765,1305,2350,Rear wheel drive,11.3,8.3,1455,1500,,4.7,215.1,4,250.9,300,6800,350,4600
911 (996),GT3 3.6 (360 Hp),1999,Coupe,4.8,302,100,3600,100,76.4,1350,89,4430,1765,1270,2350,Rear wheel drive,11.7,8.8,1475,1495,0.3,3.8,266.7,3.6,274.1,360,7200,370,5000
911 (996),Carrera 4 3.4 (300 Hp) Tiptronic S,1998,Coupe,6,275,88.6,3387,96,78,1420,64,4430,1765,1305,2350,All wheel drive (4x4),11.3,8.3,1455,1500,0.3,4.7,211.3,4.1,246.5,300,6800,350,4600
911 (996),Carrera 4 3.4 (300 Hp),1998,Coupe,5.2,280,88.6,3387,96,78,1375,64,4430,1765,1305,2350,All wheel drive (4x4),11.3,8.3,1455,1500,0.3,4.6,218.2,3.9,254.5,300,6800,350,4600
911 (996),Carrera 3.4 (300 Hp) Tiptronic S,1997,Coupe,,274,88.6,3387,96,78,1365,64,4430,1765,1305,2350,Rear wheel drive,11.3,8.3,1455,1500,,4.6,219.8,3.9,256.4,300,6800,350,4600
911 (996),Carrera 3.4 (300 Hp),1997,Coupe,,280,88.6,3387,96,78,1320,64,4430,1765,1305,2350,Rear wheel drive,11.3,8.3,1455,1500,,4.4,227.3,3.8,265.2,300,6800,350,4600
911 Targa (993),3.6 (285 Hp) Tiptronic,1996,Targa,5.4,275,79.2,3600,100,76.4,1425,,4245,1735,1300,2275,Rear wheel drive,11.3,9,1405,1474,,3,200,4.2,238.6,285,6100,340,5250
911 Targa (993),3.6 (285 Hp),1996,Targa,5.4,275,79.2,3600,100,76.4,1400,,4245,1735,1300,2275,Rear wheel drive,11.3,9,1405,1474,,4.9,203.6,4.1,242.9,285,6100,340,5250
911 (993),Turbo 3.6 (408 Hp),1995,Coupe,4.5,290,113.3,3600,100,76.4,1500,,4245,1795,1285,2272,All wheel drive (4x4),8,11.5,1411,1504,,3.7,272,2.8,360,408,5750,540,4500
911 (993),GT2 3.6 (430 Hp),1995,Coupe,4.4,295,119.4,3600,100,76.4,1290,92,4245,1855,1270,2272,Rear wheel drive,8,11.5,1475,1550,,3,333.3,2.4,418.6,430,5750,540,4500
911 (993),Carrera RS 3.8 (300 Hp),1995,Coupe,5,277,80.1,3746,102,76.4,1270,92,4245,1735,1270,2284,Rear wheel drive,11.3,9,1413,1452,,4.2,236.2,3.6,279.5,300,6500,355,5400
911 (993),Carrera 4S 3.6 (285 Hp),1995,Coupe,5.3,270,79.2,3600,100,76.4,1450,,4245,1795,1285,2272,All wheel drive (4x4),11.3,9,,,,5.1,196.6,4.3,234.5,285,6100,340,5250
911 (993),Carrera 4 3.6 (285 Hp),1995,Coupe,5.3,275,79.2,3600,100,76.4,1420,,4245,1735,1300,2275,All wheel drive (4x4),11.3,9,1405,1444,,3,200.7,4.2,239.4,285,6100,340,5250
911 (993),Carrera 3.6 (285 Hp) Tiptronic,1995,Coupe,5.4,275,79.2,3600,100,76.4,1395,,4245,1735,1300,2272,Rear wheel drive,11.3,9,1405,1444,,4.9,204.3,4.1,243.7,285,6100,340,5250
911 (993),Carrera 3.6 (285 Hp),1995,Coupe,5.4,275,79.2,3600,100,76.4,1370,,4245,1735,1300,2272,Rear wheel drive,11.3,9,1405,1444,,4.8,208,4,248.2,285,6100,340,5250
911 (993),Carrera 4 3.6 (272 Hp),1995,Coupe,5.5,270,75.6,3600,100,76.4,1440,,4245,1735,1300,2272,All wheel drive (4x4),11.3,9,1405,1444,,5.3,188.9,4.4,229.2,272,6100,330,5000
911 (993),Carrera 3.6 (272 Hp) Tritronic,1994,Coupe,5.6,270,75.6,3600,100,76.4,1415,,4245,1735,1300,2272,Rear wheel drive,11.3,9,1405,1444,,5.2,192.2,4.3,233.2,272,6100,330,5000
911 (993),Carrera 3.6 (272 Hp),1994,Coupe,5.6,270,75.6,3600,100,76.4,1390,,4260,1735,1315,2272,Rear wheel drive,11.3,9,1405,1444,,5.1,195.7,4.2,237.4,272,6100,330,5000
911 Cabriolet (993),Turbo 3.6 (365 Hp),1995,Cabriolet,,,101.4,3600,,,,92,,,,2273,Rear wheel drive,7.5,,,,,,,,,365,5500,495,4200
911 Cabriolet (993),Carrera 4 3.6 (285 Hp),1995,Cabriolet,5.3,275,79.2,3600,,,1420,,4245,1735,1300,2272,All wheel drive (4x4),11.3,9,1405,1444,,3,200.7,4.2,239.4,285,6100,340,5250
911 Cabriolet (993),Carrera 3.6 (285 Hp) Tiptronic,1995,Cabriolet,5.4,275,79.2,3600,,,1395,,4245,1735,1300,2272,Rear wheel drive,11.3,9,1405,1444,,4.9,204.3,4.1,243.7,285,6100,340,5250
911 Cabriolet (993),Carrera 3.6 (285 Hp),1995,Cabriolet,5.4,275,79.2,3600,,,1370,,4245,1735,1300,2272,Rear wheel drive,11.3,9,1405,1444,,4.8,208,4,248.2,285,6100,340,5250
911 Cabriolet (993),Carrera 4 3.6 (272 Hp),1994,Cabriolet,,,75.6,3600,100,76.4,,71,4245,1735,1300,2272,All wheel drive (4x4),11.3,9,1405,1444,,,,,,272,6100,330,5000
911 Cabriolet (993),Carrera 3.6 (272 Hp) Tiptronic,1994,Cabriolet,5.6,270,75.6,3600,100,76.4,1370,74,4245,1735,1300,2272,Rear wheel drive,11.3,9,1405,1444,,3,198.5,4.2,240.9,272,6100,330,5000
911 Cabriolet (993),Carrera 3.6 (272 Hp),1994,Cabriolet,5.6,270,75.6,3600,100,76.4,1370,74,4245,1735,1300,2272,Rear wheel drive,11.3,9,1405,1444,,3,198.5,4.2,240.9,272,6100,330,5000
911 Cabriolet (964),Carrera 4 3.6 (250 Hp),1989,Cabriolet,5.7,260,69.4,3600,100,76.4,,77,4250,1650,1310,2270,All wheel drive (4x4),11.3,11.5,1380,1375,,,,,,250,6100,310,4800
911 Cabriolet (964),Carrera 3.6 (250 Hp),1989,Cabriolet,5.9,260,69.4,3600,100,76.4,,,4250,1650,1310,2270,Rear wheel drive,11.3,11.5,1380,1375,,,,,,250,6100,310,4800
911 Targa (964),Carrera 4 3.6 (250 Hp),1989,Targa,5.7,260,69.4,3600,100,76.4,1450,77,4250,1652,1310,2272,All wheel drive (4x4),11.3,11.5,1380,1374,,5.8,172.4,4.7,213.8,250,6100,310,4800
911 Targa (964),Carrera 2 3.6 (250 Hp) Tiptronic,1989,Targa,6.6,256,69.4,3600,100,76.4,1380,77,4250,1652,1310,2272,Rear wheel drive,11.3,11.5,1380,1374,,5.5,181.2,4.5,224.6,250,6100,310,4800
911 Targa (964),Carrera 2 3.6 (250 Hp),1989,Targa,5.7,260,69.4,3600,100,76.4,1350,77,4250,1652,1310,2272,Rear wheel drive,11.3,11.5,1380,1374,,5.4,185.2,4.4,229.6,250,6100,310,4800
911 (964),Turbo S 3.6 (385 Hp),1993,Coupe,,,106.9,3600,100,76.4,,,4250,1775,,2272,Rear wheel drive,,13,1434,1493,,,,,,385,5750,520,4200
911 (964),Turbo S 3.3 (381 Hp),1992,Coupe,,,115.5,3299,97,74.4,,,4250,1775,,2272,Rear wheel drive,,10,1434,1493,,,,,,381,5750,508,5000
911 (964),Turbo 3.6 (360 Hp),1993,Coupe,4.8,280,100,3600,100,76.4,,77,4275,1775,1290,2270,Rear wheel drive,7.5,13,1440,1490,,,,,,360,5500,520,4200
911 (964),Turbo 3.3 (320 Hp),1990,Coupe,5,270,97,3299,97,74.4,1470,77,4250,1775,1310,2270,Rear wheel drive,7,10,1434,1493,,4.6,217.7,3.3,306.1,320,5750,450,4500
911 (964),Carrera RS 3.6 (260 Hp),1991,Coupe,5.4,260,72.2,3600,100,76.4,1240,77,4250,1650,1310,2270,Rear wheel drive,11.3,11.5,1380,1374,,4.8,209.7,3.9,253.2,260,6100,314,5600
911 (964),Carrera 4 3.6 (250 Hp),1989,Coupe,5.7,260,69.4,3600,100,76.4,1450,77,4250,1652,1310,2270,All wheel drive (4x4),11.3,11.5,1380,1374,,5.8,172.4,4.7,213.8,250,6100,310,4800
911 (964),Carrera 2 3.6 (250 Hp) Tiptronic,1989,Coupe,6.6,256,69.4,3600,100,76.4,1380,77,4250,1652,1310,2272,Rear wheel drive,11.3,11.5,1380,1374,,5.5,181.2,4.5,224.6,250,6100,310,4800
911 (964),Carrera 2 3.6 (250 Hp),1989,Coupe,5.7,260,69.4,3600,100,76.4,1350,77,4250,1652,1310,2272,Rear wheel drive,11.3,11.5,1380,1374,,5.4,185.2,4.4,229.6,250,6100,310,4800
911 Speedster,3.6 (250 Hp) Tiptronic,1989,Cabriolet,5.7,260,69.4,3600,100,76.4,1350,77,4250,1652,1280,2272,Rear wheel drive,11.3,11.5,1374,1374,,5.4,185.2,4.4,229.6,250,6100,310,4800
911 Speedster,3.6 (250 Hp),1989,Cabriolet,5.7,260,69.4,3600,100,76.4,1350,77,4250,1652,1280,2272,Rear wheel drive,11.3,11.5,1374,1374,,5.4,185.2,4.4,229.6,250,6100,310,4800
911 Cabriolet (Type 930),3.3 Turbo (300 Hp),1987,Cabriolet,5.4,260,90.9,3299,97,74.4,,80.5,4291,1775,1310,2272,Rear wheel drive,7,13,1432,1492,,,,,,300,5500,430,4000
911 Targa (Type 930),3.3 Turbo (300 Hp),1987,Targa,5.2,260,90.9,3299,97,74.4,,80.5,4291,1775,1310,2272,Rear wheel drive,7,13,1432,1492,,,,,,300,5500,430,4000
911 Cabriolet (G),3.2 Carrera (231 Hp),1986,Cabriolet,6.1,245,73,3164,95,74.4,,85,4291,1652,1320,2272,Rear wheel drive,10.3,10,1372,1405,0.39,,,,,231,5900,284,4800
911 Cabriolet (G),3.2 Carrera CAT (218 Hp),1986,Cabriolet,,240,68.9,3164,,,1250,85,4291,1652,1320,2272,Rear wheel drive,9.5,10,,,0.39,5.7,174.4,4.7,211.2,218,5900,264,4800
911 Cabriolet (G),3.2 Carrera CAT (207 Hp),1984,Cabriolet,6.5,235,65.4,3164,95,74.4,1250,85,4291,1652,1320,2272,Rear wheel drive,9.5,13,1372,1380,,3,165.6,4.8,209.6,207,5900,262,4800
911 Cabriolet (G),3.0 SC (204 Hp),1982,Cabriolet,,,68.1,2994,95,70.4,,80,4291,1652,1320,2272,Rear wheel drive,9.8,10,1369,1379,,,,,,204,5900,267,4300
911 Coupe (Type 930),3.3 Turbo S (330 Hp),1984,Coupe,,270,100.1,3297,97,74.4,1335,85,4291,1775,1280,2272,Rear wheel drive,,10,1423,1492,,3,247.2,2.9,349.8,330,5750,467,4500
911 Coupe (Type 930),3.3 Turbo (301 Hp),1978,Coupe,5.4,260,91.2,3299,97,74.4,1300,80,4291,1775,1310,2272,Rear wheel drive,7,13,1432,1501,,4.3,231.5,3.2,316.9,301,5500,412,4000
911 Coupe (Type 930),3.3 Turbo (300 Hp) 5MT,1987,Coupe,5.2,260,90.9,3299,97,74.4,1335,80.5,4291,1775,1310,2272,Rear wheel drive,7,13,1432,1492,,4.5,224.7,3.1,322.1,300,5500,430,4000
911 Coupe (Type 930),3.3 Turbo (282 Hp),1984,Coupe,5.4,260,85.5,3299,97,74.4,1335,85,4291,1775,1310,2272,Rear wheel drive,7,10,1432,1501,,4.7,211.2,3.4,292.1,282,5500,390,4000
911 Coupe (Type 930),3.0 Turbo (260 Hp),1975,Coupe,5.5,250,86.9,2993,95,70.4,1140-1195,80,4291,1775,1304-1320,2272,Rear wheel drive,6.5,10,1438,1511,,4.4,228.1,3.3,300.9,260,5500,343,4000
911 Coupe (Type 930),3.0 Turbo Carrera (245 Hp),1975,Coupe,5.5,250,81.9,2993,95,70.4,1195,80,4291,1775,1320,2272,Rear wheel drive,6.5,10,1438,1511,,4.9,205,3.5,287,245,5500,343,4000
911 Targa (G),3.0 SC (188 Hp),1979,Targa,7,225,62.8,2994,95,70.4,,80,4291,1652,1320,2272,Rear wheel drive,8.6,10,1369,1379,,,,,,188,5500,265,4200
911 Targa (G),3.0 SC (180 Hp),1977,Targa,7,225,60.1,2993,95,70.4,1150,80,4291,1652,1340,2272,Rear wheel drive,9.3,10,1372,1380,,6.4,156.5,4.7,213,180,5500,245,4200
911 Targa (G),3.0 Carrera (200 Hp),1977,Targa,,,66.8,2993,95,70.4,,,4291,1652,1320,2272,Rear wheel drive,8.5,10,1369,1380,,,,,,200,6000,255,4200
911 Targa (G),2.7 S (175 Hp),1974,Targa,,225,65.1,2687,90,70.4,1070,,4291,1610,1320,2271,Rear wheel drive,,,,,,6.1,163.6,4.6,219.6,175,5800,235,4000
911 Targa (G),2.7 (165 Hp),1975,Targa,,215,61.4,2687,90,70.4,1100,80,4291,1610,1320,2271,Rear wheel drive,,,1372,1345,,6.7,150,4.7,213.6,165,5800,235,4000
911 Targa (G),2.7 (150 Hp),1973,Targa,,210,55.8,2687,90,70.4,1070,,4291,1610,1320,2271,Rear wheel drive,,10,1360,1345,,7.1,140.2,4.6,219.6,150,5700,235,3800
911 Coupe (G),3.2 Carrera (231 Hp),1984,Coupe,6.1,245,73,3164,95,74.4,1210,85,4291,1652,1320,2272,Rear wheel drive,10.3,10,1372,1405,,5.2,190.9,4.3,234.7,231,5900,284,4800
911 Coupe (G),3.2 Carrera CAT (217 Hp),1986,Coupe,6.3,240,68.6,3164,95,74.4,1210,85,4291,1652,1320,2272,Rear wheel drive,9.5,10,1372,1405,,5.6,179.3,4.6,219,217,5900,265,4800
911 Coupe (G),3.2 Carrera CAT (207 Hp),1984,Coupe,6.5,235,65.4,3164,95,74.4,1210,85,4291,1652,1320,2272,Rear wheel drive,9.5,13,1372,1380,,5.8,171.1,4.6,216.5,207,5900,262,4800
911 Coupe (G),3.0 SC (204 Hp),1980,Coupe,6.8,235,68.1,2994,95,70.4,1160,80,4291,1652,1320,2272,Rear wheel drive,9.8,13,1369,1379,,5.7,175.9,4.3,230.2,204,5900,267,4300
911 Coupe (G),3.0 SC (188 Hp),1979,Coupe,7,225,62.8,2994,95,70.4,1160,80,4291,1652,1320,2272,Rear wheel drive,8.6,13,1369,1379,,6.2,162.1,4.4,228.4,188,5500,265,4200
911 Coupe (G),3.0 SC (180 Hp),1977,Coupe,7,220,60.1,2993,95,70.4,1160,85,4291,1652,1320,2272,Rear wheel drive,8.5,13,1369,1379,,6.4,155.2,4.4,228.4,180,5500,265,4200
911 Coupe (G),3.0 Carrera (200 Hp),1975,Coupe,6.5,230,66.8,2993,95,70.4,1120,80,4291,1652,1320,2272,Rear wheel drive,8.5,13,1369,1380,,5.6,178.6,4.4,227.7,200,6000,255,4200
911 Coupe (G),2.7 S (175 Hp),1974,Coupe,7.6,225,65.1,2687,90,70.4,1070,,4291,1610,1320,2271,Rear wheel drive,8.5,,1372-1398,1357-1408,,6.1,163.6,4.6,219.6,175,5800,235,4000
911 Coupe (G),2.7 Carrera (210 Hp),1974,Coupe,6.3,240,78.2,2687,90,70.4,1075,80,4291,1652,1320,2271,Rear wheel drive,8.5,13,1372,1380,,5.1,195.3,4.4,229.8,210,6300,247,5100
911 Coupe (G),2.7 (165 Hp),1975,Coupe,,215,61.4,2687,90,70.4,1100,85,4291,1610,1320,2271,Rear wheel drive,8.5,10,1372,1345,,6.7,150,4.7,213.6,165,5800,235,4000
911 Coupe (G),2.7 (150 Hp),1973,Coupe,8.5,210,55.8,2687,90,70.4,1100,,4291,1610,1320,2271,Rear wheel drive,8,11,1360,1345,,7.3,136.4,4.7,213.6,150,5700,235,3800
911 Targa (F),2.7 Carrera (210 Hp),1972,Targa,,245,78.2,2687,90,70.4,1100,,4291,1610,1320,2271,Rear wheel drive,,13,1372,1345,,5.2,190.9,,,210,6300,,
911 Targa (F),2.3 T (130 Hp),1972,Targa,,205,55.6,2340,84,70.4,1020,60,4147,1610,1320,2271,Rear wheel drive,,,1360,1342,,7.8,127.5,,,130,5600,,
911 Targa (F),2.3 E (165 Hp),1971,Targa,,220,70.5,2340,84,70.4,1020,60,4147,1610,1320,2271,Rear wheel drive,,,1360,1342,,6.2,161.8,,,165,6200,,
911 Targa (F),2.2 T (125 Hp),1970,Targa,,206,57,2193,84,66,1020,,4170,1625,1300,2268,Rear wheel drive,8.6,9,1374,1355,,8.2,122.5,5.8,173.5,125,5800,177,4200
911 Targa (F),2.0 T (110 Hp),1967,Targa,,200,55.2,1991,80,66,1085,,4163,1610,1320,2211,Rear wheel drive,8.6,9,1353,1321,,9.9,101.4,6.9,144.7,110,5800,157,4200
911 Targa (F),2.0 S (170 Hp),1967,Targa,,230,85.4,1991,80,66,1070,,4200,1610,1320,2268,Rear wheel drive,9.9,9,1374,1355,,6.3,158.9,5.3,188.8,170,6800,202,5500
911 Targa (F),2.0 S (160 Hp),1967,Targa,,225,80.4,1991,80,66,1030,62,4163,1610,1320,2211,Rear wheel drive,9.8,9,1367,1335,,6.4,155.3,5.8,172.8,160,6600,178,5200
911 Targa (F),2.0 L (130 Hp),1967,Targa,,,65.3,1991,80,66,1085,,4163,1610,1320,2211,Rear wheel drive,,9,1337,1317,,8.3,119.8,6.2,160.4,130,6100,174,4200
911 Targa (F),2.0 E (140 Hp),1968,Targa,,215,70.3,1991,80,66,1060,62,4200,1610,1320,2268,Rear wheel drive,9.1,9,1380,1360,,7.6,132.1,5.4,185.8,140,6500,197,4500
911 Coupe (F),Carrera RS 2.7 (210 Hp),1972,Coupe,6.3,240,78.2,2687,90,70.4,1075,,4147,1652,1320,2271,Rear wheel drive,8.5,10,1372,1394,,5.1,195.3,4.2,237.2,210,6300,255,5100
911 Coupe (F),2.3 T (140 Hp),1972,Coupe,,,59.8,2341,84,70.4,1061,62,4163,1610,1320,2271,Rear wheel drive,7.5,8,1360,1342,,7.6,132,5.4,184.7,140,5600,196,4000
911 Coupe (F),2.3 T (130 Hp),1972,Coupe,9.5,205,55.5,2341,84,70.4,1050,62,4147,1610,1320,2271,Rear wheel drive,7.5,9,1360,1342,,8.1,123.8,5.4,186.7,130,5600,196,4000
911 Coupe (F),2.3 S (190 Hp) Sportomatic,1972,Coupe,,,81.2,2341,84,70.4,,62,4147,1610,1320,2271,Rear wheel drive,8.5,8,1372,1354,,,,,,190,6500,209,5200
911 Coupe (F),2.3 S (190 Hp),1972,Coupe,7,230,81.2,2341,84,70.4,1075,62,4147,1610,1320,2271,Rear wheel drive,8.5,8,1372,1354,,5.7,176.7,5.1,194.4,190,6500,209,5200
911 Coupe (F),2.3 E (165 Hp) Sportomatic,1972,Coupe,7.9,220,70.5,2341,84,70.4,1075,62,4163,1610,1320,2271,Rear wheel drive,8,9,1372,1354,,6.5,153.5,5.4,185.1,165,6200,199,4500
911 Coupe (F),2.3 E (165 Hp),1972,Coupe,7.9,220,70.5,2341,84,70.4,1075,62,4163,1610,1320,2271,Rear wheel drive,8,9,1372,1354,,6.5,153.5,5.4,185.1,165,6200,199,4500
911 Coupe (F),2.2 T (125 Hp),1970,Coupe,10,205,56.9,2195,84,66,1020,62,4163,1610,1320,2268,Rear wheel drive,8.6,9,1362,1343,,8.2,122.5,5.8,173.5,125,5800,177,4200
911 Coupe (F),2.2 S (180 Hp),1969,Coupe,7.5,230,82,2195,84,66,1020,62,4163,1610,1320,2268,Rear wheel drive,9.8,10,1374,1355,,5.7,176.5,5.1,195.1,180,6500,199,5200
911 Coupe (F),2.2 E (155 Hp),1969,Coupe,8,220,70.7,2193,84,66,1020,62,4163,1610,1320,2268,Rear wheel drive,9.1,9,1374,1355,,6.6,152,5.3,187.3,155,6200,191,4500
911 Coupe (F),2.0 T (110 Hp),1968,Coupe,,200,55.2,1991,80,66,1020,62,4163,1610,1320,2268,Rear wheel drive,8.6,9,1362,1343,,9.3,107.8,5.8,173.5,110,5800,177,4200
911 Coupe (F),2.0 S (170 Hp),1969,Coupe,,230,85.4,1991,80,66,1070,62,4200,1610,1320,2268,Rear wheel drive,9.9,9,1374,1355,,6.3,158.9,5.3,188.8,170,6800,202,5500
911 Coupe (F),2.0 S (160 Hp),1967,Coupe,,,80.4,1991,80,66,1075,,4163,1610,1320,2211,Rear wheel drive,,,1337,1317,,6.7,148.8,6,166.5,160,6600,179,5200
911 Coupe (F),2.0 L (130 Hp),1965,Coupe,,,65.3,1991,80,66,1085,,4163,1610,1320,2211,Rear wheel drive,,,1337,1317,,8.3,119.8,6.2,160.4,130,6100,174,4200
911 Coupe (F),2.0 E (140 Hp),1968,Coupe,,215,70.3,1991,80,66,1020,62,4200,1610,1320,2268,Rear wheel drive,9.1,9,1364,1345,,7.3,137.3,5.2,193.1,140,6500,197,4500
911 Coupe (F),2.0 (130 Hp),1964,Coupe,,210,65.3,1991,80,66,1080,62,4163,1610,1320,2211,Rear wheel drive,9,9,1337,1317,,8.3,120.4,6.2,162,130,6100,175,4200
